Code Domaine,Domaine,Code zone,Zone,Code Élément,Élément,Code Produit,Produit,Code année,Année,Unité,Valeur,Symbole,Description du Symbole,Note
"OA","Séries temporelles annuelles","AFG","Afghanistan","511","Population totale","3010","Population-Estimations","2008","2008","1000 personnes","27722.276","X","Sources internationales sûres",""
"OA","Séries temporelles annuelles","ZAF","Afrique du Sud","511","Population totale","3010","Population-Estimations","2008","2008","1000 personnes","49779.471","X","Sources internationales sûres",""
"OA","Séries temporelles annuelles","ALB","Albanie","511","Population totale","3010","Population-Estimations","2008","2008","1000 personnes","3002.678","X","Sources internationales sûres",""
"OA","Séries temporelles annuelles","DZA","Algérie","511","Population totale","3010","Population-Estimations","2008","2008","1000 personnes","34730.608","X","Sources internationales sûres",""
"OA","Séries temporelles annuelles","DEU","Allemagne","511","Population totale","3010","Population-Estimations","2008","2008","1000 personnes","81065.752","X","Sources internationales sûres",""
"OA","Séries temporelles annuelles","AND","Andorre","511","Population totale","3010","Population-Estimations","2008","2008","1000 personnes","83.862","X","Sources internationales sûres",""
"OA","Séries temporelles annuelles","AGO","Angola","511","Population totale","3010","Population-Estimations","2008","2008","1000 personnes","21695.634","X","Sources internationales sûres",""
"OA","Séries temporelles annuelles","AIA","Anguilla","511","Population totale","3010","Population-Estimations","2008","2008","1000 personnes","13.063","X","Sources internationales sûres",""
"OA","Séries temporelles annuelles","ATG","Antigua-et-Barbuda","511","Population totale","3010","Population-Estimations","2008","2008","1000 personnes","85.397","X","Sources internationales sûres",""
"OA","Séries temporelles annuelles","ANT","Antilles néerlandaises (ex)","511","Population totale","3010","Population-Estimations","2008","2008","1000 personnes","238.47","A","Agrégat, peut inclure des données officielles, semi-officielles, estimées ou calculées",""
"OA","Séries temporelles annuelles","SAU","Arabie saoudite","511","Population totale","3010","Population-Estimations","2008","2008","1000 personnes","25888.541","X","Sources internationales sûres",""
"OA","Séries temporelles annuelles","ARG","Argentine","511","Population totale","3010","Population-Estimations","2008","2008","1000 personnes","40080.16","X","Sources internationales sûres",""
"OA","Séries temporelles annuelles","ARM","Arménie","511","Population totale","3010","Population-Estimations","2008","2008","1000 personnes","2907.618","X","Sources internationales sûres",""
"OA","Séries temporelles annuelles","ABW","Aruba","511","Population totale","3010","Population-Estimations","2008","2008","1000 personnes","101.358","X","Sources internationales sûres",""
"OA","Séries temporelles annuelles","AUS","Australie","511","Population totale","3010","Population-Estimations","2008","2008","1000 personnes","21332.282","X","Sources internationales sûres",""
"OA","Séries temporelles annuelles","AUT","Autriche","511","Population totale","3010","Population-Estimations","2008","2008","1000 personnes","8341.532","X","Sources internationales sûres",""
"OA","Séries temporelles annuelles","AZE","Azerbaïdjan","511","Population totale","3010","Population-Estimations","2008","2008","1000 personnes","8821.873","X","Sources internationales sûres",""
"OA","Séries temporelles annuelles","BHS","Bahamas","511","Population totale","3010","Population-Estimations","2008","2008","1000 personnes","343.681","X","Sources internationales sûres",""
"OA","Séries temporelles annuelles","BHR","Bahreïn","511","Population totale","3010","Population-Estimations","2008","2008","1000 personnes","1114.641","X","Sources internationales sûres",""
"OA","Séries temporelles annuelles","BGD","Bangladesh","511","Population totale","3010","Population-Estimations","2008","2008","1000 personnes","144304.167","X","Sources internationales sûres",""
"OA","Séries temporelles annuelles","BRB","Barbade","511","Population totale","3010","Population-Estimations","2008","2008","1000 personnes","279.946","X","Sources internationales sûres",""
"OA","Séries temporelles annuelles","BLR","Bélarus","511","Population totale","3010","Population-Estimations","2008","2008","1000 personnes","9452.855","X","Sources internationales sûres",""
"OA","Séries temporelles annuelles","BEL","Belgique","511","Population totale","3010","Population-Estimations","2008","2008","1000 personnes","10778.758","X","Sources internationales sûres",""
"OA","Séries temporelles annuelles","BLZ","Belize","511","Population totale","3010","Population-Estimations","2008","2008","1000 personnes","306.823","X","Sources internationales sûres",""
"OA","Séries temporelles annuelles","BEN","Bénin","511","Population totale","3010","Population-Estimations","2008","2008","1000 personnes","8696.921","X","Sources internationales sûres",""
"OA","Séries temporelles annuelles","BMU","Bermudes","511","Population totale","3010","Population-Estimations","2008","2008","1000 personnes","65.931","X","Sources internationales sûres",""
"OA","Séries temporelles annuelles","BTN","Bhoutan","511","Population totale","3010","Population-Estimations","2008","2008","1000 personnes","671.613","X","Sources internationales sûres",""
"OA","Séries temporelles annuelles","BOL","Bolivie (État plurinational de)","511","Population totale","3010","Population-Estimations","2008","2008","1000 personnes","9721.454","X","Sources internationales sûres",""
"OA","Séries temporelles annuelles","BIH","Bosnie-Herzégovine","511","Population totale","3010","Population-Estimations","2008","2008","1000 personnes","3754.271","X","Sources internationales sûres",""
"OA","Séries temporelles annuelles","BWA","Botswana","511","Population totale","3010","Population-Estimations","2008","2008","1000 personnes","1915.639","X","Sources internationales sûres",""
"OA","Séries temporelles annuelles","BRA","Brésil","511","Population totale","3010","Population-Estimations","2008","2008","1000 personnes","192030.362","X","Sources internationales sûres",""
"OA","Séries temporelles annuelles","BRN","Brunéi Darussalam","511","Population totale","3010","Population-Estimations","2008","2008","1000 personnes","379.421","X","Sources internationales sûres",""
"OA","Séries temporelles annuelles","BGR","Bulgarie","511","Population totale","3010","Population-Estimations","2008","2008","1000 personnes","7524.087","X","Sources internationales sûres",""
"OA","Séries temporelles annuelles","BFA","Burkina Faso","511","Population totale","3010","Population-Estimations","2008","2008","1000 personnes","14689.725","X","Sources internationales sûres",""
"OA","Séries temporelles annuelles","BDI","Burundi","511","Population totale","3010","Population-Estimations","2008","2008","1000 personnes","8126.102","X","Sources internationales sûres",""
"OA","Séries temporelles annuelles","CPV","Cabo Verde","511","Population totale","3010","Population-Estimations","2008","2008","1000 personnes","480.842","X","Sources internationales sûres",""
"OA","Séries temporelles annuelles","KHM","Cambodge","511","Population totale","3010","Population-Estimations","2008","2008","1000 personnes","13883.834","X","Sources internationales sûres",""
"OA","Séries temporelles annuelles","CMR","Cameroun","511","Population totale","3010","Population-Estimations","2008","2008","1000 personnes","19252.666","X","Sources internationales sûres",""
"OA","Séries temporelles annuelles","CAN","Canada","511","Population totale","3010","Population-Estimations","2008","2008","1000 personnes","33337.638","X","Sources internationales sûres",""
"OA","Séries temporelles annuelles","CHL","Chili","511","Population totale","3010","Population-Estimations","2008","2008","1000 personnes","16708.258","X","Sources internationales sûres",""
"OA","Séries temporelles annuelles","CHN","Chine","511","Population totale","3010","Population-Estimations","2008","2008","1000 personnes","1383985.631","A","Agrégat, peut inclure des données officielles, semi-officielles, estimées ou calculées",""
"OA","Séries temporelles annuelles","HKG","Chine - RAS de Hong-Kong","511","Population totale","3010","Population-Estimations","2008","2008","1000 personnes","6881.863","X","Sources internationales sûres",""
"OA","Séries temporelles annuelles","MAC","Chine - RAS de Macao","511","Population totale","3010","Population-Estimations","2008","2008","1000 personnes","515.239","X","Sources internationales sûres",""
"OA","Séries temporelles annuelles","41","Chine, continentale","511","Population totale","3010","Population-Estimations","2008","2008","1000 personnes","1353569.484","X","Sources internationales sûres",""
"OA","Séries temporelles annuelles","TWN","Chine, Taiwan Province de","511","Population totale","3010","Population-Estimations","2008","2008","1000 personnes","23019.045","X","Sources internationales sûres",""
"OA","Séries temporelles annuelles","CYP","Chypre","511","Population totale","3010","Population-Estimations","2008","2008","1000 personnes","1081.563","X","Sources internationales sûres","UNDESA, Population Division – World Population Prospects, the 2017 Revision"
"OA","Séries temporelles annuelles","COL","Colombie","511","Population totale","3010","Population-Estimations","2008","2008","1000 personnes","44254.975","X","Sources internationales sûres",""
"OA","Séries temporelles annuelles","COM","Comores","511","Population totale","3010","Population-Estimations","2008","2008","1000 personnes","657.229","X","Sources internationales sûres","UNDESA, Population Division – World Population Prospects, the 2017 Revision"
"OA","Séries temporelles annuelles","COG","Congo","511","Population totale","3010","Population-Estimations","2008","2008","1000 personnes","4011.486","X","Sources internationales sûres",""
"OA","Séries temporelles annuelles","CRI","Costa Rica","511","Population totale","3010","Population-Estimations","2008","2008","1000 personnes","4463.125","X","Sources internationales sûres",""
"OA","Séries temporelles annuelles","CIV","Côte d'Ivoire","511","Population totale","3010","Population-Estimations","2008","2008","1000 personnes","19605.569","X","Sources internationales sûres",""
"OA","Séries temporelles annuelles","HRV","Croatie","511","Population totale","3010","Population-Estimations","2008","2008","1000 personnes","4352.636","X","Sources internationales sûres",""
"OA","Séries temporelles annuelles","CUB","Cuba","511","Population totale","3010","Population-Estimations","2008","2008","1000 personnes","11236.971","X","Sources internationales sûres",""
"OA","Séries temporelles annuelles","DNK","Danemark","511","Population totale","3010","Population-Estimations","2008","2008","1000 personnes","5497.729","X","Sources internationales sûres",""
"OA","Séries temporelles annuelles","DJI","Djibouti","511","Population totale","3010","Population-Estimations","2008","2008","1000 personnes","816.358","X","Sources internationales sûres",""
"OA","Séries temporelles annuelles","DMA","Dominique","511","Population totale","3010","Population-Estimations","2008","2008","1000 personnes","70.827","X","Sources internationales sûres",""
"OA","Séries temporelles annuelles","EGY","Égypte","511","Population totale","3010","Population-Estimations","2008","2008","1000 personnes","79636.079","X","Sources internationales sûres",""
"OA","Séries temporelles annuelles","SLV","El Salvador","511","Population totale","3010","Population-Estimations","2008","2008","1000 personnes","6131.764","X","Sources internationales sûres",""
"OA","Séries temporelles annuelles","ARE","Émirats arabes unis","511","Population totale","3010","Population-Estimations","2008","2008","1000 personnes","7089.487","X","Sources internationales sûres",""
"OA","Séries temporelles annuelles","ECU","Équateur","511","Population totale","3010","Population-Estimations","2008","2008","1000 personnes","14535.739","X","Sources internationales sûres",""
"OA","Séries temporelles annuelles","ERI","Érythrée","511","Population totale","3010","Population-Estimations","2008","2008","1000 personnes","3062.779","X","Sources internationales sûres",""
"OA","Séries temporelles annuelles","ESP","Espagne","511","Population totale","3010","Population-Estimations","2008","2008","1000 personnes","46068.811","X","Sources internationales sûres",""
"OA","Séries temporelles annuelles","EST","Estonie","511","Population totale","3010","Population-Estimations","2008","2008","1000 personnes","1340.073","X","Sources internationales sûres",""
"OA","Séries temporelles annuelles","SWZ","Eswatini","511","Population totale","3010","Population-Estimations","2008","2008","1000 personnes","1049.945","X","Sources internationales sûres",""
"OA","Séries temporelles annuelles","USA","États-Unis d'Amérique","511","Population totale","3010","Population-Estimations","2008","2008","1000 personnes","303486.012","X","Sources internationales sûres",""
"OA","Séries temporelles annuelles","ETH","Éthiopie","511","Population totale","3010","Population-Estimations","2008","2008","1000 personnes","82916.235","X","Sources internationales sûres",""
"OA","Séries temporelles annuelles","RUS","Fédération de Russie","511","Population totale","3010","Population-Estimations","2008","2008","1000 personnes","143248.764","X","Sources internationales sûres",""
"OA","Séries temporelles annuelles","FJI","Fidji","511","Population totale","3010","Population-Estimations","2008","2008","1000 personnes","845.361","X","Sources internationales sûres",""
"OA","Séries temporelles annuelles","FIN","Finlande","511","Population totale","3010","Population-Estimations","2008","2008","1000 personnes","5319.449","X","Sources internationales sûres",""
"OA","Séries temporelles annuelles","FRA","France","511","Population totale","3010","Population-Estimations","2008","2008","1000 personnes","62209.207","X","Sources internationales sûres",""
"OA","Séries temporelles annuelles","GAB","Gabon","511","Population totale","3010","Population-Estimations","2008","2008","1000 personnes","1518.54","X","Sources internationales sûres",""
"OA","Séries temporelles annuelles","GMB","Gambie","511","Population totale","3010","Population-Estimations","2008","2008","1000 personnes","1689.285","X","Sources internationales sûres",""
"OA","Séries temporelles annuelles","GEO","Géorgie","511","Population totale","3010","Population-Estimations","2008","2008","1000 personnes","4142.655","X","Sources internationales sûres",""
"OA","Séries temporelles annuelles","GHA","Ghana","511","Population totale","3010","Population-Estimations","2008","2008","1000 personnes","23563.825","X","Sources internationales sûres",""
"OA","Séries temporelles annuelles","GIB","Gibraltar","511","Population totale","3010","Population-Estimations","2008","2008","1000 personnes","33.559","X","Sources internationales sûres",""
"OA","Séries temporelles annuelles","GRC","Grèce","511","Population totale","3010","Population-Estimations","2008","2008","1000 personnes","11040.309","X","Sources internationales sûres",""
"OA","Séries temporelles annuelles","GRD","Grenade","511","Population totale","3010","Population-Estimations","2008","2008","1000 personnes","105.456","X","Sources internationales sûres",""
"OA","Séries temporelles annuelles","GRL","Groenland","511","Population totale","3010","Population-Estimations","2008","2008","1000 personnes","56.841","X","Sources internationales sûres","UNDESA, Population Division – World Population Prospects, the 2017 Revision"
"OA","Séries temporelles annuelles","GLP","Guadeloupe","511","Population totale","3010","Population-Estimations","2008","2008","1000 personnes","403.965","X","Sources internationales sûres",""
"OA","Séries temporelles annuelles","GUM","Guam","511","Population totale","3010","Population-Estimations","2008","2008","1000 personnes","159.036","X","Sources internationales sûres",""
"OA","Séries temporelles annuelles","GTM","Guatemala","511","Population totale","3010","Population-Estimations","2008","2008","1000 personnes","14006.428","X","Sources internationales sûres",""
"OA","Séries temporelles annuelles","GIN","Guinée","511","Population totale","3010","Population-Estimations","2008","2008","1000 personnes","9738.792","X","Sources internationales sûres",""
"OA","Séries temporelles annuelles","GNQ","Guinée équatoriale","511","Population totale","3010","Population-Estimations","2008","2008","1000 personnes","860.84","X","Sources internationales sûres",""
"OA","Séries temporelles annuelles","GNB","Guinée-Bissau","511","Population totale","3010","Population-Estimations","2008","2008","1000 personnes","1446.936","X","Sources internationales sûres",""
"OA","Séries temporelles annuelles","GUY","Guyana","511","Population totale","3010","Population-Estimations","2008","2008","1000 personnes","746.817","X","Sources internationales sûres",""
"OA","Séries temporelles annuelles","GUF","Guyane française","511","Population totale","3010","Population-Estimations","2008","2008","1000 personnes","221.996","X","Sources internationales sûres",""
"OA","Séries temporelles annuelles","HTI","Haïti","511","Population totale","3010","Population-Estimations","2008","2008","1000 personnes","9646.58","X","Sources internationales sûres",""
"OA","Séries temporelles annuelles","HND","Honduras","511","Population totale","3010","Population-Estimations","2008","2008","1000 personnes","7980.955","X","Sources internationales sûres",""
"OA","Séries temporelles annuelles","HUN","Hongrie","511","Population totale","3010","Population-Estimations","2008","2008","1000 personnes","9991.867","X","Sources internationales sûres",""
"OA","Séries temporelles annuelles","IMN","Île de Man","511","Population totale","3010","Population-Estimations","2008","2008","1000 personnes","83.508","X","Sources internationales sûres",""
"OA","Séries temporelles annuelles","CHA","Îles Anglo-Normandes","511","Population totale","3010","Population-Estimations","2008","2008","1000 personnes","156.433","X","Sources internationales sûres",""
"OA","Séries temporelles annuelles","CYM","Îles Caïmanes","511","Population totale","3010","Population-Estimations","2008","2008","1000 personnes","53.836","X","Sources internationales sûres",""
"OA","Séries temporelles annuelles","COK","Îles Cook","511","Population totale","3010","Population-Estimations","2008","2008","1000 personnes","18.818","X","Sources internationales sûres",""
"OA","Séries temporelles annuelles","FLK","Îles Falkland (Malvinas)","511","Population totale","3010","Population-Estimations","2008","2008","1000 personnes","2.932","X","Sources internationales sûres",""
"OA","Séries temporelles annuelles","FRO","Îles Féroé","511","Population totale","3010","Population-Estimations","2008","2008","1000 personnes","47.82","X","Sources internationales sûres",""
"OA","Séries temporelles annuelles","MNP","Îles Mariannes du Nord","511","Population totale","3010","Population-Estimations","2008","2008","1000 personnes","54.625","X","Sources internationales sûres",""
"OA","Séries temporelles annuelles","MHL","Îles Marshall","511","Population totale","3010","Population-Estimations","2008","2008","1000 personnes","56.174","X","Sources internationales sûres",""
"OA","Séries temporelles annuelles","SLB","Îles Salomon","511","Population totale","3010","Population-Estimations","2008","2008","1000 personnes","503.36","X","Sources internationales sûres",""
"OA","Séries temporelles annuelles","TCA","Îles Turques-et-Caïques","511","Population totale","3010","Population-Estimations","2008","2008","1000 personnes","31.202","X","Sources internationales sûres",""
"OA","Séries temporelles annuelles","VIR","Îles Vierges américaines","511","Population totale","3010","Population-Estimations","2008","2008","1000 personnes","106.756","X","Sources internationales sûres",""
"OA","Séries temporelles annuelles","VGB","Îles Vierges britanniques","511","Population totale","3010","Population-Estimations","2008","2008","1000 personnes","26.097","X","Sources internationales sûres",""
"OA","Séries temporelles annuelles","WLF","Îles Wallis-et-Futuna","511","Population totale","3010","Population-Estimations","2008","2008","1000 personnes","13.578","X","Sources internationales sûres",""
"OA","Séries temporelles annuelles","IND","Inde","511","Population totale","3010","Population-Estimations","2008","2008","1000 personnes","1200669.765","X","Sources internationales sûres",""
"OA","Séries temporelles annuelles","IDN","Indonésie","511","Population totale","3010","Population-Estimations","2008","2008","1000 personnes","235469.762","X","Sources internationales sûres",""
"OA","Séries temporelles annuelles","IRN","Iran (République islamique d')","511","Population totale","3010","Population-Estimations","2008","2008","1000 personnes","72120.604","X","Sources internationales sûres",""
"OA","Séries temporelles annuelles","IRQ","Iraq","511","Population totale","3010","Population-Estimations","2008","2008","1000 personnes","28385.746","X","Sources internationales sûres",""
"OA","Séries temporelles annuelles","IRL","Irlande","511","Population totale","3010","Population-Estimations","2008","2008","1000 personnes","4415.872","X","Sources internationales sûres",""
"OA","Séries temporelles annuelles","ISL","Islande","511","Population totale","3010","Population-Estimations","2008","2008","1000 personnes","310.856","X","Sources internationales sûres",""
"OA","Séries temporelles annuelles","ISR","Israël","511","Population totale","3010","Population-Estimations","2008","2008","1000 personnes","7020.836","X","Sources internationales sûres",""
"OA","Séries temporelles annuelles","ITA","Italie","511","Population totale","3010","Population-Estimations","2008","2008","1000 personnes","58922.109","X","Sources internationales sûres",""
"OA","Séries temporelles annuelles","JAM","Jamaïque","511","Population totale","3010","Population-Estimations","2008","2008","1000 personnes","2781.876","X","Sources internationales sûres",""
"OA","Séries temporelles annuelles","JPN","Japon","511","Population totale","3010","Population-Estimations","2008","2008","1000 personnes","128538.646","X","Sources internationales sûres",""
"OA","Séries temporelles annuelles","JOR","Jordanie","511","Population totale","3010","Population-Estimations","2008","2008","1000 personnes","6556.478","X","Sources internationales sûres",""
"OA","Séries temporelles annuelles","KAZ","Kazakhstan","511","Population totale","3010","Population-Estimations","2008","2008","1000 personnes","15862.123","X","Sources internationales sûres",""
"OA","Séries temporelles annuelles","KEN","Kenya","511","Population totale","3010","Population-Estimations","2008","2008","1000 personnes","39791.981","X","Sources internationales sûres",""
"OA","Séries temporelles annuelles","KGZ","Kirghizistan","511","Population totale","3010","Population-Estimations","2008","2008","1000 personnes","5254.979","X","Sources internationales sûres",""
"OA","Séries temporelles annuelles","KIR","Kiribati","511","Population totale","3010","Population-Estimations","2008","2008","1000 personnes","98.761","X","Sources internationales sûres",""
"OA","Séries temporelles annuelles","KWT","Koweït","511","Population totale","3010","Population-Estimations","2008","2008","1000 personnes","2656.009","X","Sources internationales sûres",""
"OA","Séries temporelles annuelles","LSO","Lesotho","511","Population totale","3010","Population-Estimations","2008","2008","1000 personnes","1987.129","X","Sources internationales sûres",""
"OA","Séries temporelles annuelles","LVA","Lettonie","511","Population totale","3010","Population-Estimations","2008","2008","1000 personnes","2171.259","X","Sources internationales sûres",""
"OA","Séries temporelles annuelles","LBN","Liban","511","Population totale","3010","Population-Estimations","2008","2008","1000 personnes","4764.741","X","Sources internationales sûres",""
"OA","Séries temporelles annuelles","LBR","Libéria","511","Population totale","3010","Population-Estimations","2008","2008","1000 personnes","3607.86","X","Sources internationales sûres",""
"OA","Séries temporelles annuelles","LBY","Libye","511","Population totale","3010","Population-Estimations","2008","2008","1000 personnes","6058.748","X","Sources internationales sûres",""
"OA","Séries temporelles annuelles","LIE","Liechtenstein","511","Population totale","3010","Population-Estimations","2008","2008","1000 personnes","35.471","X","Sources internationales sûres",""
"OA","Séries temporelles annuelles","LTU","Lituanie","511","Population totale","3010","Population-Estimations","2008","2008","1000 personnes","3212.865","X","Sources internationales sûres",""
"OA","Séries temporelles annuelles","LUX","Luxembourg","511","Population totale","3010","Population-Estimations","2008","2008","1000 personnes","485.405","X","Sources internationales sûres",""
"OA","Séries temporelles annuelles","MKD","Macédoine du Nord","511","Population totale","3010","Population-Estimations","2008","2008","1000 personnes","2067.313","X","Sources internationales sûres",""
"OA","Séries temporelles annuelles","MDG","Madagascar","511","Population totale","3010","Population-Estimations","2008","2008","1000 personnes","19996.473","X","Sources internationales sûres",""
"OA","Séries temporelles annuelles","MYS","Malaisie","511","Population totale","3010","Population-Estimations","2008","2008","1000 personnes","27236.006","X","Sources internationales sûres",""
"OA","Séries temporelles annuelles","MWI","Malawi","511","Population totale","3010","Population-Estimations","2008","2008","1000 personnes","13727.89","X","Sources internationales sûres",""
"OA","Séries temporelles annuelles","MDV","Maldives","511","Population totale","3010","Population-Estimations","2008","2008","1000 personnes","343.452","X","Sources internationales sûres",""
"OA","Séries temporelles annuelles","MLI","Mali","511","Population totale","3010","Population-Estimations","2008","2008","1000 personnes","14113.577","X","Sources internationales sûres",""
"OA","Séries temporelles annuelles","MLT","Malte","511","Population totale","3010","Population-Estimations","2008","2008","1000 personnes","409.491","X","Sources internationales sûres",""
"OA","Séries temporelles annuelles","MAR","Maroc","511","Population totale","3010","Population-Estimations","2008","2008","1000 personnes","31536.811","X","Sources internationales sûres",""
"OA","Séries temporelles annuelles","MTQ","Martinique","511","Population totale","3010","Population-Estimations","2008","2008","1000 personnes","397.668","X","Sources internationales sûres",""
"OA","Séries temporelles annuelles","MUS","Maurice","511","Population totale","3010","Population-Estimations","2008","2008","1000 personnes","1239.262","X","Sources internationales sûres",""
"OA","Séries temporelles annuelles","MRT","Mauritanie","511","Population totale","3010","Population-Estimations","2008","2008","1000 personnes","3296.238","X","Sources internationales sûres",""
"OA","Séries temporelles annuelles","MYT","Mayotte","511","Population totale","3010","Population-Estimations","2008","2008","1000 personnes","196.274","X","Sources internationales sûres",""
"OA","Séries temporelles annuelles","MEX","Mexique","511","Population totale","3010","Population-Estimations","2008","2008","1000 personnes","110815.271","X","Sources internationales sûres",""
"OA","Séries temporelles annuelles","FSM","Micronésie (États fédérés de)","511","Population totale","3010","Population-Estimations","2008","2008","1000 personnes","103.543","X","Sources internationales sûres",""
"OA","Séries temporelles annuelles","MCO","Monaco","511","Population totale","3010","Population-Estimations","2008","2008","1000 personnes","34.872","X","Sources internationales sûres",""
"OA","Séries temporelles annuelles","MNG","Mongolie","511","Population totale","3010","Population-Estimations","2008","2008","1000 personnes","2631.898","X","Sources internationales sûres",""
"OA","Séries temporelles annuelles","MNE","Monténégro","511","Population totale","3010","Population-Estimations","2008","2008","1000 personnes","621.32","X","Sources internationales sûres",""
"OA","Séries temporelles annuelles","MSR","Montserrat","511","Population totale","3010","Population-Estimations","2008","2008","1000 personnes","4.901","X","Sources internationales sûres",""
"OA","Séries temporelles annuelles","MOZ","Mozambique","511","Population totale","3010","Population-Estimations","2008","2008","1000 personnes","22276.596","X","Sources internationales sûres",""
"OA","Séries temporelles annuelles","MMR","Myanmar","511","Population totale","3010","Population-Estimations","2008","2008","1000 personnes","49929.642","X","Sources internationales sûres",""
"OA","Séries temporelles annuelles","NAM","Namibie","511","Population totale","3010","Population-Estimations","2008","2008","1000 personnes","2043.394","X","Sources internationales sûres",""
"OA","Séries temporelles annuelles","NRU","Nauru","511","Population totale","3010","Population-Estimations","2008","2008","1000 personnes","9.891","X","Sources internationales sûres",""
"OA","Séries temporelles annuelles","NPL","Népal","511","Population totale","3010","Population-Estimations","2008","2008","1000 personnes","26666.576","X","Sources internationales sûres",""
"OA","Séries temporelles annuelles","NIC","Nicaragua","511","Population totale","3010","Population-Estimations","2008","2008","1000 personnes","5667.432","X","Sources internationales sûres",""
"OA","Séries temporelles annuelles","NER","Niger","511","Population totale","3010","Population-Estimations","2008","2008","1000 personnes","15250.908","X","Sources internationales sûres",""
"OA","Séries temporelles annuelles","NGA","Nigéria","511","Population totale","3010","Population-Estimations","2008","2008","1000 personnes","150269.623","X","Sources internationales sûres",""
"OA","Séries temporelles annuelles","NIU","Nioué","511","Population totale","3010","Population-Estimations","2008","2008","1000 personnes","1.635","X","Sources internationales sûres",""
"OA","Séries temporelles annuelles","NOR","Norvège","511","Population totale","3010","Population-Estimations","2008","2008","1000 personnes","4771.019","X","Sources internationales sûres",""
"OA","Séries temporelles annuelles","NCL","Nouvelle-Calédonie","511","Population totale","3010","Population-Estimations","2008","2008","1000 personnes","246.695","X","Sources internationales sûres",""
"OA","Séries temporelles annuelles","NZL","Nouvelle-Zélande","511","Population totale","3010","Population-Estimations","2008","2008","1000 personnes","4278.155","X","Sources internationales sûres",""
"OA","Séries temporelles annuelles","OMN","Oman","511","Population totale","3010","Population-Estimations","2008","2008","1000 personnes","2750.963","X","Sources internationales sûres",""
"OA","Séries temporelles annuelles","UGA","Ouganda","511","Population totale","3010","Population-Estimations","2008","2008","1000 personnes","30431.736","X","Sources internationales sûres",""
"OA","Séries temporelles annuelles","UZB","Ouzbékistan","511","Population totale","3010","Population-Estimations","2008","2008","1000 personnes","27626.982","X","Sources internationales sûres",""
"OA","Séries temporelles annuelles","PAK","Pakistan","511","Population totale","3010","Population-Estimations","2008","2008","1000 personnes","171648.986","X","Sources internationales sûres",""
"OA","Séries temporelles annuelles","PLW","Palaos","511","Population totale","3010","Population-Estimations","2008","2008","1000 personnes","18.704","X","Sources internationales sûres",""
"OA","Séries temporelles annuelles","PSE","Palestine","511","Population totale","3010","Population-Estimations","2008","2008","1000 personnes","3856.679","X","Sources internationales sûres",""
"OA","Séries temporelles annuelles","PAN","Panama","511","Population totale","3010","Population-Estimations","2008","2008","1000 personnes","3516.204","X","Sources internationales sûres",""
"OA","Séries temporelles annuelles","PNG","Papouasie-Nouvelle-Guinée","511","Population totale","3010","Population-Estimations","2008","2008","1000 personnes","6976.201","X","Sources internationales sûres",""
"OA","Séries temporelles annuelles","PRY","Paraguay","511","Population totale","3010","Population-Estimations","2008","2008","1000 personnes","6081.296","X","Sources internationales sûres",""
"OA","Séries temporelles annuelles","NLD","Pays-Bas","511","Population totale","3010","Population-Estimations","2008","2008","1000 personnes","16568.104","X","Sources internationales sûres",""
"OA","Séries temporelles annuelles","PER","Pérou","511","Population totale","3010","Population-Estimations","2008","2008","1000 personnes","28562.317","X","Sources internationales sûres",""
"OA","Séries temporelles annuelles","PHL","Philippines","511","Population totale","3010","Population-Estimations","2008","2008","1000 personnes","90901.965","X","Sources internationales sûres",""
"OA","Séries temporelles annuelles","POL","Pologne","511","Population totale","3010","Population-Estimations","2008","2008","1000 personnes","38356.786","X","Sources internationales sûres",""
"OA","Séries temporelles annuelles","PYF","Polynésie française","511","Population totale","3010","Population-Estimations","2008","2008","1000 personnes","264.061","X","Sources internationales sûres",""
"OA","Séries temporelles annuelles","PRI","Porto Rico","511","Population totale","3010","Population-Estimations","2008","2008","1000 personnes","3608.032","X","Sources internationales sûres",""
"OA","Séries temporelles annuelles","PRT","Portugal","511","Population totale","3010","Population-Estimations","2008","2008","1000 personnes","10595.314","X","Sources internationales sûres",""
"OA","Séries temporelles annuelles","QAT","Qatar","511","Population totale","3010","Population-Estimations","2008","2008","1000 personnes","1436.665","X","Sources internationales sûres",""
"OA","Séries temporelles annuelles","SYR","République arabe syrienne","511","Population totale","3010","Population-Estimations","2008","2008","1000 personnes","20664.038","X","Sources internationales sûres",""
"OA","Séries temporelles annuelles","CAF","République centrafricaine","511","Population totale","3010","Population-Estimations","2008","2008","1000 personnes","4273.366","X","Sources internationales sûres",""
"OA","Séries temporelles annuelles","KOR","République de Corée","511","Population totale","3010","Population-Estimations","2008","2008","1000 personnes","49182.456","X","Sources internationales sûres",""
"OA","Séries temporelles annuelles","MDA","République de Moldova","511","Population totale","3010","Population-Estimations","2008","2008","1000 personnes","4112.891","X","Sources internationales sûres",""
"OA","Séries temporelles annuelles","COD","République démocratique du Congo","511","Population totale","3010","Population-Estimations","2008","2008","1000 personnes","60411.195","X","Sources internationales sûres",""
"OA","Séries temporelles annuelles","LAO","République démocratique populaire lao","511","Population totale","3010","Population-Estimations","2008","2008","1000 personnes","6046.62","X","Sources internationales sûres",""
"OA","Séries temporelles annuelles","DOM","République dominicaine","511","Population totale","3010","Population-Estimations","2008","2008","1000 personnes","9458.075","X","Sources internationales sûres",""
"OA","Séries temporelles annuelles","PRK","République populaire démocratique de Corée","511","Population totale","3010","Population-Estimations","2008","2008","1000 personnes","24310.142","X","Sources internationales sûres",""
"OA","Séries temporelles annuelles","TZA","République-Unie de Tanzanie","511","Population totale","3010","Population-Estimations","2008","2008","1000 personnes","41853.944","X","Sources internationales sûres",""
"OA","Séries temporelles annuelles","REU","Réunion","511","Population totale","3010","Population-Estimations","2008","2008","1000 personnes","816.318","X","Sources internationales sûres",""
"OA","Séries temporelles annuelles","ROU","Roumanie","511","Population totale","3010","Population-Estimations","2008","2008","1000 personnes","20829.517","X","Sources internationales sûres",""
"OA","Séries temporelles annuelles","GBR","Royaume-Uni de Grande-Bretagne et d'Irlande du Nord","511","Population totale","3010","Population-Estimations","2008","2008","1000 personnes","62145.097","X","Sources internationales sûres",""
"OA","Séries temporelles annuelles","RWA","Rwanda","511","Population totale","3010","Population-Estimations","2008","2008","1000 personnes","9524.534","X","Sources internationales sûres",""
"OA","Séries temporelles annuelles","ESH","Sahara occidental","511","Population totale","3010","Population-Estimations","2008","2008","1000 personnes","468.633","X","Sources internationales sûres","UNDESA, Population Division – World Population Prospects, the 2017 Revision"
"OA","Séries temporelles annuelles","SHN","Sainte-Hélène, Ascension et Tristan da Cunha","511","Population totale","3010","Population-Estimations","2008","2008","1000 personnes","5.143","X","Sources internationales sûres",""
"OA","Séries temporelles annuelles","LCA","Sainte-Lucie","511","Population totale","3010","Population-Estimations","2008","2008","1000 personnes","170.011","X","Sources internationales sûres",""
"OA","Séries temporelles annuelles","KNA","Saint-Kitts-et-Nevis","511","Population totale","3010","Population-Estimations","2008","2008","1000 personnes","48.185","X","Sources internationales sûres",""
"OA","Séries temporelles annuelles","SMR","Saint-Marin","511","Population totale","3010","Population-Estimations","2008","2008","1000 personnes","30.434","X","Sources internationales sûres",""
"OA","Séries temporelles annuelles","SPM","Saint-Pierre-et-Miquelon","511","Population totale","3010","Population-Estimations","2008","2008","1000 personnes","6.294","X","Sources internationales sûres",""
"OA","Séries temporelles annuelles","VAT","Saint-Siège","511","Population totale","3010","Population-Estimations","2008","2008","1000 personnes","0.794","X","Sources internationales sûres","UNDESA, Population Division – World Population Prospects, the 2017 Revision"
"OA","Séries temporelles annuelles","VCT","Saint-Vincent-et-les Grenadines","511","Population totale","3010","Population-Estimations","2008","2008","1000 personnes","108.393","X","Sources internationales sûres",""
"OA","Séries temporelles annuelles","WSM","Samoa","511","Population totale","3010","Population-Estimations","2008","2008","1000 personnes","183.263","X","Sources internationales sûres",""
"OA","Séries temporelles annuelles","ASM","Samoa américaines","511","Population totale","3010","Population-Estimations","2008","2008","1000 personnes","57.492","X","Sources internationales sûres",""
"OA","Séries temporelles annuelles","STP","Sao Tomé-et-Principe","511","Population totale","3010","Population-Estimations","2008","2008","1000 personnes","171.12","X","Sources internationales sûres",""
"OA","Séries temporelles annuelles","SEN","Sénégal","511","Population totale","3010","Population-Estimations","2008","2008","1000 personnes","12004.701","X","Sources internationales sûres",""
"OA","Séries temporelles annuelles","SRB","Serbie","511","Population totale","3010","Population-Estimations","2008","2008","1000 personnes","9060.103","X","Sources internationales sûres",""
"OA","Séries temporelles annuelles","SYC","Seychelles","511","Population totale","3010","Population-Estimations","2008","2008","1000 personnes","90.449","X","Sources internationales sûres",""
"OA","Séries temporelles annuelles","SLE","Sierra Leone","511","Population totale","3010","Population-Estimations","2008","2008","1000 personnes","6133.603","X","Sources internationales sûres",""
"OA","Séries temporelles annuelles","SGP","Singapour","511","Population totale","3010","Population-Estimations","2008","2008","1000 personnes","4775.804","X","Sources internationales sûres",""
"OA","Séries temporelles annuelles","SVK","Slovaquie","511","Population totale","3010","Population-Estimations","2008","2008","1000 personnes","5399.371","X","Sources internationales sûres",""
"OA","Séries temporelles annuelles","SVN","Slovénie","511","Population totale","3010","Population-Estimations","2008","2008","1000 personnes","2023.052","X","Sources internationales sûres",""
"OA","Séries temporelles annuelles","SOM","Somalie","511","Population totale","3010","Population-Estimations","2008","2008","1000 personnes","11397.188","X","Sources internationales sûres",""
"OA","Séries temporelles annuelles","206","Soudan (ex)","511","Population totale","3010","Population-Estimations","2008","2008","1000 personnes","41797.776","A","Agrégat, peut inclure des données officielles, semi-officielles, estimées ou calculées",""
"OA","Séries temporelles annuelles","LKA","Sri Lanka","511","Population totale","3010","Population-Estimations","2008","2008","1000 personnes","19983.984","X","Sources internationales sûres",""
"OA","Séries temporelles annuelles","SWE","Suède","511","Population totale","3010","Population-Estimations","2008","2008","1000 personnes","9236.428","X","Sources internationales sûres",""
"OA","Séries temporelles annuelles","CHE","Suisse","511","Population totale","3010","Population-Estimations","2008","2008","1000 personnes","7622.821","X","Sources internationales sûres",""
"OA","Séries temporelles annuelles","SUR","Suriname","511","Population totale","3010","Population-Estimations","2008","2008","1000 personnes","517.123","X","Sources internationales sûres",""
"OA","Séries temporelles annuelles","TJK","Tadjikistan","511","Population totale","3010","Population-Estimations","2008","2008","1000 personnes","7209.93","X","Sources internationales sûres",""
"OA","Séries temporelles annuelles","TCD","Tchad","511","Population totale","3010","Population-Estimations","2008","2008","1000 personnes","11183.588","X","Sources internationales sûres",""
"OA","Séries temporelles annuelles","CZE","Tchéquie","511","Population totale","3010","Population-Estimations","2008","2008","1000 personnes","10425.266","X","Sources internationales sûres",""
"OA","Séries temporelles annuelles","THA","Thaïlande","511","Population totale","3010","Population-Estimations","2008","2008","1000 personnes","66530.984","X","Sources internationales sûres",""
"OA","Séries temporelles annuelles","TLS","Timor-Leste","511","Population totale","3010","Population-Estimations","2008","2008","1000 personnes","1055.431","X","Sources internationales sûres",""
"OA","Séries temporelles annuelles","TGO","Togo","511","Population totale","3010","Population-Estimations","2008","2008","1000 personnes","6083.42","X","Sources internationales sûres",""
"OA","Séries temporelles annuelles","TKL","Tokélaou","511","Population totale","3010","Population-Estimations","2008","2008","1000 personnes","1.126","X","Sources internationales sûres","UNDESA, Population Division – World Population Prospects, the 2017 Revision"
"OA","Séries temporelles annuelles","TON","Tonga","511","Population totale","3010","Population-Estimations","2008","2008","1000 personnes","103.379","X","Sources internationales sûres",""
"OA","Séries temporelles annuelles","TTO","Trinité-et-Tobago","511","Population totale","3010","Population-Estimations","2008","2008","1000 personnes","1314.443","X","Sources internationales sûres",""
"OA","Séries temporelles annuelles","TUN","Tunisie","511","Population totale","3010","Population-Estimations","2008","2008","1000 personnes","10414.433","X","Sources internationales sûres",""
"OA","Séries temporelles annuelles","TKM","Turkménistan","511","Population totale","3010","Population-Estimations","2008","2008","1000 personnes","4935.767","X","Sources internationales sûres",""
"OA","Séries temporelles annuelles","TUR","Turquie","511","Population totale","3010","Population-Estimations","2008","2008","1000 personnes","70418.604","X","Sources internationales sûres",""
"OA","Séries temporelles annuelles","TUV","Tuvalu","511","Population totale","3010","Population-Estimations","2008","2008","1000 personnes","10.314","X","Sources internationales sûres",""
"OA","Séries temporelles annuelles","UKR","Ukraine","511","Population totale","3010","Population-Estimations","2008","2008","1000 personnes","46158.711","X","Sources internationales sûres",""
"OA","Séries temporelles annuelles","URY","Uruguay","511","Population totale","3010","Population-Estimations","2008","2008","1000 personnes","3340.221","X","Sources internationales sûres",""
"OA","Séries temporelles annuelles","VUT","Vanuatu","511","Population totale","3010","Population-Estimations","2008","2008","1000 personnes","224.704","X","Sources internationales sûres",""
"OA","Séries temporelles annuelles","VEN","Venezuela (République bolivarienne du)","511","Population totale","3010","Population-Estimations","2008","2008","1000 personnes","27635.832","X","Sources internationales sûres",""
"OA","Séries temporelles annuelles","VNM","Viet Nam","511","Population totale","3010","Population-Estimations","2008","2008","1000 personnes","86243.413","X","Sources internationales sûres",""
"OA","Séries temporelles annuelles","YEM","Yémen","511","Population totale","3010","Population-Estimations","2008","2008","1000 personnes","21892.146","X","Sources internationales sûres",""
"OA","Séries temporelles annuelles","ZMB","Zambie","511","Population totale","3010","Population-Estimations","2008","2008","1000 personnes","12848.53","X","Sources internationales sûres",""
"OA","Séries temporelles annuelles","ZWE","Zimbabwe","511","Population totale","3010","Population-Estimations","2008","2008","1000 personnes","12379.549","X","Sources internationales sûres",""
